{"cameraMode":{"drawMode":0,"name":"Shaded","section":"Shading Mode"},"sceneLighting":true,"audioPlay":false,"sceneViewState":{"showFog":false,"showMaterialUpdate":false,"showSkybox":false,"showFlares":false,"showImageEffects":false,"showParticleSystems":false},"in2DMode":false,"pivot":{"x":-1.407454490661621,"y":-10.00943660736084,"z":-9.418070793151856},"rotation":{"x":-0.0766826644539833,"y":0.9209990501403809,"z":-0.3019518554210663,"w":-0.23389393091201783},"size":17.924694061279298,"orthographic":false}