{"cameraMode":{"drawMode":0,"name":"Shaded","section":"Shading Mode"},"sceneLighting":true,"audioPlay":false,"sceneViewState":{"showFog":true,"showMaterialUpdate":false,"showSkybox":true,"showFlares":true,"showImageEffects":true,"showParticleSystems":true},"in2DMode":false,"pivot":{"x":0.511134147644043,"y":-0.2808256149291992,"z":-1.4169747829437256},"rotation":{"x":-0.15646372735500337,"y":0.8420931100845337,"z":-0.33733493089675906,"w":-0.39067795872688296},"size":3.0634360313415529,"orthographic":false}